City_ID,City,Lat,Lng,Max Temp,Humidity,Cloudiness,Wind Speed,Country,Date
0,stanley,54.868,-1.6985,49.71,91,40,4.61,GB,1710262561
1,bardai,11.65,7.2333,98.73,8,92,9.73,NG,1710262562
2,puerto natales,-51.7236,-72.4875,59.45,36,40,23.02,CL,1710262562
3,kodiak,57.79,-152.4072,23.5,65,94,9.1,US,1710262562
4,waitangi,-43.9535,-176.5597,55.81,76,100,1.99,NZ,1710262562
5,chinde,26.8418,88.0763,58.3,31,1,6.15,NP,1710262562
6,blackmans bay,-43.0167,147.3167,51.93,78,59,1.97,AU,1710262562
7,invercargill,-46.4,168.35,51.03,79,6,13.0,NZ,1710262562
8,kapsabet,0.2039,35.105,74.75,45,92,4.41,KE,1710262562
9,yellowknife,62.456,-114.3525,11.41,88,100,16.11,CA,1710262337
10,grytviken,-54.2811,-36.5092,42.03,82,66,7.36,GS,1710262446
11,ust-nera,64.5667,143.2,-25.15,99,54,3.27,RU,1710262463
12,brisas de zicatela,15.8369,-97.0419,85.87,62,0,7.96,MX,1710262460
13,terrace,54.5163,-128.6035,37.22,100,75,2.3,CA,1710262563
14,port lincoln,-34.7333,135.8667,66.61,85,100,12.17,AU,1710262461
15,alofi,-19.0595,-169.9187,80.49,89,75,18.41,NU,1710262541
16,ust'-ilimsk,58.0006,102.6619,20.23,93,100,10.0,RU,1710262563
17,klyuchi,52.2667,79.1667,22.12,96,100,12.08,RU,1710262563
18,gorontalo,0.5412,123.0595,74.57,92,99,4.27,ID,1710262416
19,richards bay,-28.783,32.0377,80.51,80,100,15.77,ZA,1710262348
20,pathein,16.7833,94.7333,67.73,79,2,7.02,MM,1710262563
21,bredasdorp,-34.5322,20.0403,69.1,70,26,10.51,ZA,1710262564
22,trzcianka,53.0406,16.4563,51.8,70,100,6.04,PL,1710262564
23,west island,-12.1568,96.8225,78.78,78,75,10.36,CC,1710262554
24,tari,12.4086,4.4914,106.48,11,84,6.51,NG,1710262564
25,dakhla,23.6848,-15.958,66.22,68,0,19.57,EH,1710262564
26,olonkinbyen,70.9221,-8.7187,28.58,89,100,10.45,SJ,1710262564
27,sinabang,2.4803,96.3801,80.78,74,41,0.65,ID,1710262564
28,adamstown,-25.066,-130.1015,77.04,78,87,3.91,PN,1710262565
29,ribeira grande,38.5167,-28.7,63.0,82,40,12.66,PT,1710262450
30,port-aux-francais,-49.35,70.2167,41.68,71,37,37.56,TF,1710262565
31,margaret river,-33.95,115.0667,63.72,77,11,10.33,AU,1710262565
32,padang,-0.9492,100.3543,75.25,85,84,3.67,ID,1710262310
33,lebu,-37.6167,-73.65,63.48,79,61,7.07,CL,1710262565
34,dhalie,13.6957,44.7314,69.87,67,90,2.28,YE,1710262565
35,port alfred,-33.5906,26.891,72.18,88,50,7.0,ZA,1710262565
36,levuka,50.1834,-105.4011,35.33,87,100,5.75,CA,1710262565
37,puerto ayora,-0.7393,-90.3518,87.76,87,98,1.01,EC,1710262565
38,tiksi,71.6872,128.8694,-5.98,98,100,4.27,RU,1710262375
39,whitehorse,60.7161,-135.0538,14.81,71,75,6.91,CA,1710262505
40,tralee,52.2704,-9.7026,55.65,94,75,23.02,IE,1710262541
41,ta`u,-14.2336,-169.5144,83.52,78,73,10.74,AS,1710262566
42,arraial do cabo,-22.9661,-42.0278,84.16,69,20,13.8,BR,1710262566
43,albany,42.6001,-73.9662,53.02,38,2,4.0,US,1710262566
44,ushuaia,-54.8,-68.3,55.02,62,40,13.8,AR,1710262313
45,hamilton,39.1834,-84.5333,65.55,40,0,6.91,US,1710262333
46,tura,25.5198,90.2201,68.92,32,0,4.32,IN,1710262566
47,jamestown,42.097,-79.2353,56.01,51,52,11.01,US,1710262566
48,qaqortoq,60.7167,-46.0333,26.11,85,6,1.7,GL,1710262566
49,orkney,-26.9802,26.6727,81.57,20,60,6.73,ZA,1710262567
50,playas,-2.6333,-80.3833,81.75,74,96,6.8,EC,1710262567
51,zaozersk,69.4005,32.4476,17.74,93,98,7.67,RU,1710262433
52,lompoc,34.6391,-120.4579,60.69,50,79,7.0,US,1710262567
53,lihue,21.9789,-159.3672,72.36,86,75,10.36,US,1710262567
54,papatowai,-46.5619,169.4708,49.73,64,5,15.01,NZ,1710262567
55,osvaldo cruz,-21.7967,-50.8786,94.86,31,15,6.35,BR,1710262567
56,kourou,5.1552,-52.6478,82.45,80,92,9.78,GF,1710262459
57,ancud,-41.8697,-73.8203,56.71,79,84,12.5,CL,1710262567
58,bethel,41.3712,-73.414,57.2,44,4,4.0,US,1710262568
59,iskateley,67.6803,53.1512,27.55,94,100,24.14,RU,1710262568
60,manokwari,-0.8667,134.0833,78.24,84,100,4.14,ID,1710262568
61,holualoa,19.6228,-155.9522,69.87,80,44,3.71,US,1710262568
62,saipan,15.1355,145.701,79.5,83,40,13.8,MP,1710262568
63,cascais,38.6979,-9.4215,69.51,70,20,8.05,PT,1710262466
64,pangoa,-12.1167,-73.0,90.09,47,49,4.29,PE,1710262568
65,port mathurin,-19.6833,63.4167,80.08,81,13,18.39,MU,1710262568
66,borgarnes,64.5383,-21.9206,42.85,77,100,8.99,IS,1710262568
67,vadso,70.0744,29.7487,23.88,73,75,12.66,NO,1710262556
68,petropavlovsk-kamchatsky,53.0452,158.6483,10.99,92,0,15.01,RU,1710262569
69,fuente-alamo de murcia,37.7,-1.1,67.57,61,0,7.67,ES,1710262569
70,tangalle,6.024,80.7911,79.9,72,64,11.3,LK,1710262541
71,bilibino,68.0546,166.4372,-19.34,97,96,3.89,RU,1710262446
72,klaksvik,62.2266,-6.589,43.72,90,100,17.74,FO,1710262569
73,nunspeet,52.3667,5.7667,49.98,83,100,5.91,NL,1710262569
74,georgetown,5.4112,100.3354,82.33,81,20,1.14,MY,1710262458
75,san antonio de pale,-1.4014,5.6325,84.29,78,100,8.72,GQ,1710262569
76,arafat,21.3594,39.9664,85.42,50,21,5.28,SA,1710262569
77,mount gambier,-37.8333,140.7667,58.95,82,100,9.06,AU,1710262543
78,udachny,66.4167,112.4,-27.83,100,85,3.42,RU,1710262570
79,severo-yeniseyskiy,60.3725,93.0408,-0.42,98,96,4.0,RU,1710262570
80,cabo san lucas,22.8909,-109.9124,78.62,59,99,1.01,MX,1710262548
81,vilyuchinsk,52.9306,158.4028,12.47,84,54,10.69,RU,1710262570
82,margate,51.3813,1.3862,54.88,94,100,8.99,GB,1710262471
83,callao,-12.0667,-77.15,79.09,65,0,6.91,PE,1710262570
84,kish,26.5578,54.0194,71.87,64,2,13.8,IR,1710262558
85,newman,37.3138,-121.0208,54.25,87,96,5.01,US,1710262535
86,ilulissat,69.2167,-51.1,7.07,90,100,4.21,GL,1710262570
87,mazamari,-11.3258,-74.5308,91.53,52,48,1.92,PE,1710262486
88,iqaluit,63.7506,-68.5145,-11.47,77,20,0.0,CA,1710262336
89,gadzhiyevo,69.2551,33.3362,23.16,88,100,17.85,RU,1710262571
90,mar del plata,-38.0023,-57.5575,70.09,93,100,24.0,AR,1710262411
91,taltal,-25.4,-70.4833,73.04,67,2,9.17,CL,1710262483
92,avarua,-21.2078,-159.775,78.85,83,75,10.36,CK,1710262571
93,merritt island,28.5392,-80.672,77.09,57,40,8.05,US,1710262571
94,yuzhno-kurilsk,44.0306,145.8556,31.37,65,100,11.21,RU,1710262571
95,beinamar,8.6698,15.3813,99.82,9,81,5.03,TD,1710262571
96,enewetak,11.3474,162.3373,79.65,78,100,24.05,MH,1710262571
97,santa ana de yacuma,-13.75,-65.4333,93.15,62,40,6.91,BO,1710262554
98,el calafate,-50.3408,-72.2768,49.98,48,84,5.75,AR,1710262571
99,hermanus,-34.4187,19.2345,70.81,80,26,7.05,ZA,1710262571
100,aleg,17.0481,-13.9209,97.47,6,80,12.57,MR,1710262572
101,edinburgh of the seven seas,-37.0676,-12.3116,61.14,66,100,10.18,SH,1710262572
102,anta,25.15,76.3,77.65,23,0,4.63,IN,1710262572
103,weno,7.4515,151.8468,81.99,69,98,13.15,FM,1710262572
104,bafra,41.5678,35.9069,55.22,59,47,10.4,TR,1710262572
105,morbi,22.8167,70.8333,75.16,46,5,13.51,IN,1710262572
106,pangai,-19.8,-174.35,80.08,84,100,6.4,TO,1710262572
107,phayakkhaphum phisai,15.5163,103.1937,84.56,54,19,7.72,TH,1710262572
108,dubai,25.2582,55.3047,75.13,46,0,11.5,AE,1710262401
109,jindabyne,-36.4167,148.6333,65.57,63,100,2.35,AU,1710262572
110,talnakh,69.4865,88.3972,-9.8,98,100,13.22,RU,1710262378
111,visakhapatnam,17.69,83.2093,80.08,77,10,13.06,IN,1710262328
112,bambanglipuro,-7.95,110.2833,77.65,88,99,4.47,ID,1710262573
113,princeville,45.7668,-61.2985,38.79,95,100,12.66,CA,1710262573
114,hawaiian paradise park,19.5933,-154.9731,70.03,94,100,9.19,US,1710262573
115,berezovyy,51.6667,135.7,1.98,92,11,4.32,RU,1710262481
116,sitka,57.0531,-135.33,36.77,88,100,7.67,US,1710262573
117,whakatane,-37.9585,176.9854,62.51,99,90,6.42,NZ,1710262573
118,sosnovo-ozerskoye,52.5249,111.5418,16.93,97,92,5.35,RU,1710262573
119,obock,12.25,43.0833,73.49,75,31,9.42,DJ,1710262574
120,bielsk podlaski,52.7651,23.1865,39.04,97,100,9.35,PL,1710262574
121,caconda,-13.7333,15.0667,65.05,88,100,4.43,AO,1710262574
122,east london,-33.0153,27.9116,76.14,78,75,16.11,ZA,1710262574
123,coari,-4.085,-63.1414,93.9,49,88,4.47,BR,1710262470
124,dryden,49.7833,-92.7503,41.29,65,20,11.5,CA,1710262574
125,longyearbyen,78.2186,15.6401,10.24,72,75,12.66,SJ,1710262574
126,mount darwin,-16.7725,31.5838,77.09,69,100,6.22,ZW,1710262574
127,greymouth,-42.4667,171.2,56.86,95,100,7.29,NZ,1710262574
128,bismarck,46.8083,-100.7837,49.86,65,40,5.75,US,1710262575
129,pisco,-13.7,-76.2167,82.45,57,0,16.11,PE,1710262455
130,el porvenir,13.7617,-87.3458,85.33,21,11,4.99,HN,1710262575
131,ciudad lazaro cardenas,17.9583,-102.2,86.0,38,4,5.95,MX,1710262555
132,atafu village,-8.5421,-172.5159,85.23,74,68,11.86,TK,1710262470
133,grand gaube,-20.0064,57.6608,81.0,85,60,5.01,MU,1710262575
134,lazaro cardenas,17.9583,-102.2,86.0,38,4,5.95,MX,1710262503
135,shalqar,47.8333,59.6,20.73,69,70,18.14,KZ,1710262575
136,fortuna,40.5982,-124.1573,51.66,93,75,3.0,US,1710262576
137,isangel,-19.55,169.2667,79.66,93,100,10.0,VU,1710262576
138,lindsdal,56.7333,16.3,36.86,98,100,5.75,SE,1710262576
139,mogocha,53.7333,119.7667,6.69,95,21,3.47,RU,1710262576
140,kavaratti,10.5669,72.642,82.74,71,13,9.62,IN,1710262576
141,korem,12.5058,39.5228,60.48,77,98,6.58,ET,1710262576
142,vizinga,61.0749,50.1031,15.3,98,100,2.82,RU,1710262576
143,nuuk,64.1835,-51.7216,25.88,86,100,10.0,GL,1710262449
144,bontang,0.1333,117.5,79.36,87,100,11.12,ID,1710262576
145,haiku-pauwela,20.9219,-156.3051,72.05,82,47,5.99,US,1710262542
146,harper,4.375,-7.7169,85.6,74,93,8.05,LR,1710262576
147,tazacorte,28.629,-17.9293,70.77,76,20,7.0,ES,1710262520
148,tolanaro,-25.0319,46.9987,82.47,83,40,16.11,MG,1710262449
149,susuman,62.7833,148.1667,-22.02,100,100,1.01,RU,1710262577
150,haifa,32.8156,34.9892,66.16,70,0,10.38,IL,1710262365
151,laojunmiao,39.8333,97.7333,34.27,37,1,6.87,CN,1710262577
152,kone,-21.0595,164.8658,77.22,92,92,3.83,NC,1710262577
153,kapuskasing,49.4169,-82.4331,37.49,52,40,2.3,CA,1710262577
154,zemio,5.0314,25.1361,88.12,36,97,3.38,CF,1710262577
155,tondano,1.3038,124.9112,69.89,91,86,3.22,ID,1710262577
156,grand falls-windsor,48.9332,-55.6649,33.51,94,100,5.01,CA,1710262540
157,tofol,5.3248,163.0078,81.97,84,100,24.18,FM,1710262578
158,ayr,55.4627,-4.6339,49.98,87,75,8.05,GB,1710262578
159,fayzabad,37.1166,70.58,47.89,88,100,3.51,AF,1710262578
160,inari,68.906,27.0288,25.0,84,100,9.33,FI,1710262578
161,puerto baquerizo moreno,-0.9,-89.6,83.39,84,75,4.61,EC,1710262566
162,anaconda,46.1285,-112.9423,38.08,65,78,6.42,US,1710262538
163,walvis bay,-22.9575,14.5053,72.55,68,0,9.22,NA,1710262578
164,ulanhot,46.0833,122.0833,27.37,64,2,9.64,CN,1710262578
165,acarau,-2.8856,-40.12,84.78,73,67,9.89,BR,1710262542
166,alta,69.9689,23.2717,24.19,76,75,11.5,NO,1710262578
167,pacific grove,36.6177,-121.9166,56.64,85,100,6.91,US,1710262579
168,waiuku,-37.25,174.75,67.24,95,100,4.99,NZ,1710262579
169,usoke,-5.1667,32.35,74.21,70,27,3.29,TZ,1710262579
170,rongelap,11.1635,166.8941,79.39,78,100,24.94,MH,1710262539
171,anadyr,64.75,177.4833,-14.3,84,20,6.71,RU,1710262477
172,rostovka,55.3842,71.8891,-1.8,100,62,5.39,RU,1710262579
173,pitimbu,-7.4706,-34.8086,88.39,66,95,10.0,BR,1710262579
174,tazovsky,67.4667,78.7,-8.28,92,88,16.06,RU,1710262549
175,fale old settlement,-9.3852,-171.2468,84.76,74,44,11.7,TK,1710262579
176,colonia,50.9333,6.95,51.58,73,0,4.61,DE,1710262493
177,pangkalanbuun,-2.6833,111.6167,74.84,99,100,2.15,ID,1710262580
178,itoman,26.1247,127.6694,62.62,55,40,24.16,JP,1710262580
179,novyy urengoy,66.0833,76.6333,-11.51,97,29,11.43,RU,1710262580
180,kailua-kona,19.6406,-155.9956,73.6,80,0,3.44,US,1710262310
181,sarmiento,-45.5882,-69.07,64.63,27,20,33.91,AR,1710262580
182,la'ie,21.6477,-157.9253,76.96,85,47,8.01,US,1710262580
183,trairi,-3.2778,-39.2689,86.77,67,51,7.54,BR,1710262580
184,karratha,-20.7377,116.8463,81.52,67,27,9.86,AU,1710262580
185,mora,11.0461,14.1401,98.46,8,81,8.99,CM,1710262580
186,acapulco de juarez,16.8634,-99.8901,85.48,49,0,6.62,MX,1710262498
187,naze,28.3667,129.4833,56.32,51,3,23.4,JP,1710262581
188,portland,45.5234,-122.6762,49.08,90,92,5.99,US,1710262581
189,revda,56.801,59.9303,3.2,98,96,2.68,RU,1710262456
190,awjilah,29.1081,21.2869,76.48,16,46,9.84,LY,1710262559
191,anupgarh,29.1911,73.2086,74.07,22,0,6.29,IN,1710262581
192,dalandzadgad,43.5708,104.425,33.85,40,2,4.21,MN,1710262581
193,elko,41.0002,-115.5012,39.06,91,100,7.0,US,1710262490
194,sault ste. marie,46.5168,-84.3333,40.82,70,100,10.36,CA,1710262581
195,bridgewater,44.3835,-64.5155,38.82,80,97,21.85,CA,1710262581
196,isafjordur,66.0755,-23.124,33.84,86,100,18.41,IS,1710262445
197,alpena,45.0617,-83.4327,53.85,79,94,5.01,US,1710262581
198,kamenica,50.8333,12.9167,49.71,77,98,1.01,DE,1710262285
199,grants,35.1473,-107.8514,48.43,37,0,6.91,US,1710262582
200,caleta de carquin,-11.0925,-77.6267,77.85,75,97,9.28,PE,1710262550
201,manggar,-2.8833,108.2667,80.67,80,100,12.97,ID,1710262582
202,hithadhoo,-0.6,73.0833,83.8,64,69,4.21,MV,1710262467
203,balan,46.6505,25.8083,35.4,99,100,1.74,RO,1710262582
204,fethiye,36.6217,29.1164,60.67,72,5,5.48,TR,1710262582
205,norman gardens,-23.3224,150.5393,72.12,73,40,8.05,AU,1710262582
206,belmonte,-15.8631,-38.8828,83.35,73,97,5.26,BR,1710262582
207,deniliquin,-35.5333,144.9667,72.36,52,84,5.59,AU,1710262582
208,sao joao da barra,-21.6403,-41.0511,82.49,75,56,12.12,BR,1710262583
209,salahonda,2.1019,-78.7217,81.86,81,20,10.56,CO,1710262583
210,aasiaat,68.7098,-52.8699,6.69,88,100,2.66,GL,1710262583
211,bel ombre,-4.6167,55.4167,78.64,89,75,14.97,SC,1710262583
212,wailua homesteads,22.0669,-159.378,71.74,86,75,10.36,US,1710262458
213,polyarnyy,69.1989,33.4478,24.19,88,100,17.31,RU,1710262583
214,saint-joseph,-21.3667,55.6167,79.18,79,29,14.09,RE,1710262583
215,aswan,24.0934,32.907,84.36,11,28,11.81,EG,1710262422
216,afaahiti,-17.75,-149.2833,78.67,83,100,11.61,PF,1710262583
217,kembe,4.6228,21.8865,89.78,32,77,1.07,CF,1710262583
218,kuta,-8.7233,115.1723,82.35,88,20,1.14,ID,1710262536
219,muisne,0.6,-80.0333,83.08,74,68,9.35,EC,1710262584
220,serang,-6.1149,106.1502,77.5,89,100,5.23,ID,1710262584
221,robore,-18.3333,-59.75,93.29,52,40,11.5,BO,1710262584
222,kavieng,-2.5744,150.7967,80.17,83,100,6.55,PG,1710262584
223,kafir qala,34.6667,61.0667,41.47,87,100,16.15,AF,1710262584
224,keflavik,64.0049,-22.5624,42.71,87,75,11.5,IS,1710262584
225,axim,4.8699,-2.2405,84.96,76,90,11.59,GH,1710262538
226,malango,-2.9627,119.9001,70.02,98,100,1.59,ID,1710262584
227,santa isabel,-23.3156,-46.2214,83.16,57,26,3.49,BR,1710262585
228,howrah,22.5892,88.3103,80.6,89,0,11.5,IN,1710262585
229,el monte,34.0686,-118.0276,61.48,71,40,0.0,US,1710262585
230,badger,64.8,-147.5333,-12.75,73,40,0.0,US,1710262453
231,mirnyy,62.5353,113.9611,-10.75,100,86,2.44,RU,1710262585
232,mirzapur,25.15,82.5833,71.56,27,0,4.27,IN,1710262585
233,bereznik,62.8551,42.7072,28.04,94,100,6.96,RU,1710262558
234,college,64.8569,-147.8028,-15.93,42,100,2.84,US,1710262585
235,nar'yan-mar,67.6713,53.087,27.68,94,100,24.16,RU,1710262452
236,mandalgovi,45.7625,106.2708,24.49,74,6,9.06,MN,1710262586
237,flying fish cove,-10.4217,105.6791,78.48,88,100,12.66,CX,1710262536
238,sinop,41.7711,34.8709,53.51,51,60,7.36,TR,1710262535
239,punta arenas,-53.15,-70.9167,51.91,54,75,12.66,CL,1710262462
240,sao vicente,-23.9631,-46.3919,87.98,60,75,8.05,BR,1710262338
241,carutapera,-1.195,-46.02,86.27,68,67,8.81,BR,1710262586
242,alvarado,18.7667,-95.7667,76.87,77,90,4.03,MX,1710262586
243,abepura,-2.6333,140.5833,76.01,100,20,1.14,ID,1710262586
244,qaisumah,28.3112,46.1273,67.96,26,0,8.05,SA,1710262586
245,chonchi,-42.6128,-73.8092,58.12,58,58,7.2,CL,1710262586
246,abrego,8.0807,-73.2205,81.09,55,65,5.5,CO,1710262518
247,marka,1.7159,44.7717,81.93,70,2,14.07,SO,1710262587
248,shortandy,51.7006,70.9994,-2.18,100,54,3.04,KZ,1710262587
249,st. john's,47.5649,-52.7093,40.39,89,75,13.8,CA,1710262587
250,san ignacio,17.1561,-89.0714,87.94,58,20,6.91,BZ,1710262587
251,adra,36.7496,-3.0206,61.02,59,0,4.05,ES,1710262587
252,hanceville,34.0607,-86.7675,69.17,45,28,5.03,US,1710262587
253,satana,20.5833,74.2,76.69,38,0,7.31,IN,1710262587
254,utrik,11.2278,169.8474,78.98,79,100,25.1,MH,1710262587
255,puerto deseado,-47.7503,-65.8938,61.57,41,0,16.08,AR,1710262587
256,codrington,-38.2667,141.9667,60.67,73,100,11.61,AU,1710262476
257,lerwick,60.1545,-1.1494,44.6,94,100,18.59,GB,1710262588
258,kerikeri,-35.2268,173.9474,64.9,90,91,3.38,NZ,1710262543
259,vorgashor,67.5833,63.95,7.2,94,100,24.7,RU,1710262588
260,longquan,24.6719,102.1613,56.44,48,6,4.88,CN,1710262538
261,minas de marcona,-15.2119,-75.1103,71.64,68,57,15.37,PE,1710262311
262,bikenibeu village,1.3673,173.1241,80.56,89,40,8.05,KI,1710262550
263,constantia,44.1833,28.65,48.88,96,100,13.6,RO,1710262540
264,thompson,55.7435,-97.8558,19.56,86,100,9.22,CA,1710262588
265,bayanhongor,46.7167,100.1167,-0.53,84,12,4.43,MN,1710262588
266,soio,-6.1349,12.3689,84.16,77,90,10.16,AO,1710262588
267,viqueque,-8.8673,126.3658,77.47,91,100,3.6,TL,1710262588
268,manhattan,40.7834,-73.9662,62.29,39,0,10.0,US,1710262374
269,smithers,54.7804,-127.1743,30.52,100,75,2.3,CA,1710262589
270,port elizabeth,-33.918,25.5701,74.1,87,100,20.71,ZA,1710262589
271,geraldton,-28.7667,114.6,72.01,88,0,11.5,AU,1710262589
272,kruisfontein,-34.0033,24.7314,71.89,77,24,16.11,ZA,1710262554
273,alaghsas,17.0187,8.0168,102.09,6,0,10.36,NE,1710262589
274,frontera,26.9333,-101.45,75.33,43,100,3.0,MX,1710262589
275,nemuro,43.3236,145.575,28.65,91,100,25.52,JP,1710262589
276,lemvig,56.5486,8.3102,41.2,90,100,7.78,DK,1710262589
277,tual,-5.6667,132.75,83.35,79,94,18.25,ID,1710262589
278,vinica,41.8828,22.5092,49.28,81,100,1.99,MK,1710262334
279,mount isa,-20.7333,139.5,69.57,73,0,4.61,AU,1710262590
280,namibe,-15.1961,12.1522,79.92,78,52,11.56,AO,1710262590
281,ashland,40.8167,-82.2665,64.02,63,38,15.17,US,1710262590
282,san isidro de curuguaty,-24.5167,-55.7,102.36,27,0,5.48,PY,1710262590
283,safotu,-13.4513,-172.4018,83.75,79,43,4.14,WS,1710262590
284,chilecito,-29.1619,-67.4974,93.78,38,0,5.59,AR,1710262590
285,binkolo,8.9533,-11.9779,98.06,26,100,7.05,SL,1710262590
286,sanibel,26.449,-82.0223,82.06,62,3,1.99,US,1710262591
287,motygino,58.1831,94.7592,8.78,99,99,1.99,RU,1710262591
288,shanting,35.0753,117.4578,42.69,45,99,4.61,CN,1710262591
289,uturoa,-16.7333,-151.4333,83.82,76,68,10.6,PF,1710262591
290,tandalti,13.0167,31.8667,91.78,7,72,10.16,SD,1710262591
291,antsiranana,-12.2787,49.2917,80.24,83,52,13.87,MG,1710262591
292,cadillac,44.2519,-85.4012,60.71,41,0,10.36,US,1710262591
293,waingapu,-9.6567,120.2641,77.76,88,100,5.48,ID,1710262591
294,west bay,19.3667,-81.4167,86.07,70,40,13.8,KY,1710262591
295,winnemucca,40.973,-117.7357,45.41,59,100,19.22,US,1710262592
296,port hedland,-20.3167,118.5667,82.45,78,57,8.05,AU,1710262592
297,shantobe,52.4581,68.1839,10.6,97,100,4.54,KZ,1710262592
298,kuanda,56.3161,116.0806,6.49,90,63,2.57,RU,1710262592
299,bairnsdale,-37.8333,147.6167,65.05,88,100,1.54,AU,1710262592
300,kayangel,8.0823,134.7173,81.54,79,59,15.73,PW,1710262592
301,yaren,-0.5472,166.916,82.87,80,100,12.55,NR,1710262545
302,chibougamau,49.9168,-74.3659,17.22,93,100,6.91,CA,1710262592
303,rumoi,43.9344,141.6428,25.74,74,70,10.63,JP,1710262592
304,machakos,-1.5167,37.2667,73.35,60,74,5.79,KE,1710262592
305,ketchikan,55.3422,-131.6461,42.35,94,98,4.83,US,1710262593
306,guerrero negro,27.9769,-114.0611,62.65,64,0,17.83,MX,1710262593
307,illapel,-31.6308,-71.1653,81.19,33,0,7.43,CL,1710262593
308,barranca,-10.75,-77.7667,77.49,73,99,9.48,PE,1710262593
309,kuqa,41.7278,82.9364,49.46,25,23,4.45,CN,1710262593
310,praia da vitoria,38.7333,-27.0667,66.45,68,20,9.17,PT,1710262541
311,erenhot,43.6475,111.9767,32.32,33,2,5.39,CN,1710262593
312,hasaki,35.7333,140.8333,43.2,71,97,18.3,JP,1710262593
313,buala,-8.145,159.5921,79.88,87,100,3.04,SB,1710262518
314,aktau,43.65,51.2,27.18,61,8,6.08,KZ,1710262405
315,tsiombe,-25.3,45.4833,78.73,83,100,7.52,MG,1710262537
316,outokumpu,62.7269,29.0159,28.29,97,37,5.57,FI,1710262594
317,seryshevo,51.0933,128.3786,9.19,95,100,4.21,RU,1710262594
318,al wafrah,28.6392,47.9306,66.88,16,0,9.66,KW,1710262594
319,dunedin,-45.8742,170.5036,52.81,69,79,8.99,NZ,1710262594
320,coahuayana de hidalgo,18.7,-103.6583,88.79,31,30,5.17,MX,1710262540
321,katsuren-haebaru,26.3369,127.8719,62.62,50,8,22.24,JP,1710262551
322,idri,27.5,13.2667,77.79,16,3,8.03,LY,1710262594
323,ambodifotatra,-16.9833,49.85,82.9,74,100,10.76,MG,1710262594
324,yei,4.095,30.6779,85.8,30,100,3.18,SS,1710262594
325,az zubayr,30.3945,47.7011,66.06,42,0,6.91,IQ,1710262595
326,mabaruma,8.2,-59.7833,87.73,54,99,7.78,GY,1710262595
327,claudio,-20.4433,-44.7658,83.59,64,32,2.33,BR,1710262595
328,gagra,43.3283,40.2239,45.52,58,42,6.26,GE,1710262595
329,aykhal,66.0,111.5,-22.86,100,99,2.42,RU,1710262350
330,san luis,-33.295,-66.3356,89.74,50,40,4.45,AR,1710262592
331,namie,37.4833,141.0,41.99,80,98,17.11,JP,1710262595
332,necochea,-38.5473,-58.7368,71.71,89,100,13.09,AR,1710262595
333,gubkinskiy,64.434,76.5026,-15.99,100,21,9.06,RU,1710262596
334,fort bragg,35.139,-79.006,70.2,21,0,5.75,US,1710262596
335,lincoln,40.8,-96.667,59.56,63,100,3.0,US,1710262596
336,dingalan,15.3897,121.3929,74.84,95,96,6.93,PH,1710262596
337,wynyard,-41.0,145.7167,58.41,88,76,12.93,AU,1710262596
338,victorica,-36.2151,-65.4359,84.74,30,75,19.04,AR,1710262596
339,chebba,35.2372,11.115,62.74,47,9,12.17,TN,1710262596
340,roma,43.2128,-75.4557,51.73,43,7,3.0,US,1710262454
341,zhangye,38.9342,100.4517,39.25,38,94,0.49,CN,1710262596
342,balqash,46.8481,74.995,30.56,87,100,10.96,KZ,1710262597
343,port macquarie,-31.4333,152.9167,60.89,85,33,3.67,AU,1710262597
344,egilsstadir,65.2653,-14.3948,40.91,75,100,12.66,IS,1710262597
345,abbeville,50.1,1.8333,54.5,95,100,18.66,FR,1710262530
346,thal,35.4791,72.2439,37.83,88,100,5.12,PK,1710262597
347,abu dhabi,24.4667,54.3667,71.71,56,0,11.5,AE,1710262597
348,nagqu,31.5,92.0,23.99,24,69,3.06,CN,1710262542
349,tosya,41.0155,34.0401,51.57,56,64,0.85,TR,1710262412
350,faya-largeau,17.9257,19.1043,89.89,7,24,0.98,TD,1710262597
351,castillos,-34.1667,-53.8333,86.52,35,100,12.26,UY,1710262597
352,arkhangel'sk,64.5401,40.5433,34.12,74,100,8.95,RU,1710262490
353,lata,40.1629,-8.3327,67.91,61,95,1.97,PT,1710262598
354,amos,48.5669,-78.1162,29.75,87,30,2.26,CA,1710262598
355,santa maria,-29.6842,-53.8069,87.1,62,0,4.61,BR,1710262337
356,kipushi,-11.7667,27.2333,65.62,94,92,2.55,CD,1710262598
357,burnie,-41.0667,145.9167,61.45,86,93,12.35,AU,1710262598
358,n'zeto,-7.2312,12.8666,83.88,78,100,7.81,AO,1710262598
359,ciudad madero,22.2667,-97.8333,76.55,66,47,8.37,MX,1710262598
360,selkirk,50.1436,-96.8845,34.09,97,100,5.99,CA,1710262598
361,eastham,41.8301,-69.9739,50.32,46,19,7.0,US,1710262598
362,turbat,26.0023,63.044,74.3,54,7,8.14,PK,1710262599
363,malpe,13.35,74.7167,83.5,79,5,5.37,IN,1710262599
364,kongolo,-5.3833,27.0,75.24,92,69,1.72,CD,1710262599
365,nova sintra,14.8667,-24.7167,67.39,77,62,16.04,CV,1710262599
366,kwang binh,17.4833,106.6,67.84,90,45,4.54,VN,1710262554
367,banjarmasin,-3.3244,114.591,78.94,98,100,1.12,ID,1710262599
368,dudinka,69.4058,86.1778,-9.33,97,100,21.99,RU,1710262544
369,nova olinda do norte,-3.8881,-59.0942,92.26,58,89,4.92,BR,1710262508
370,glace bay,46.1969,-59.957,39.06,86,75,11.5,CA,1710262559
371,maracacume,-2.0428,-45.9592,86.27,78,87,4.47,BR,1710262599
372,bayanaul,50.7889,75.6956,15.19,96,97,4.36,KZ,1710262600
373,darwin,-12.4611,130.8418,78.06,93,75,3.44,AU,1710262600
374,inongo,-1.95,18.2667,81.43,66,89,0.81,CD,1710262600
375,ressano garcia,-25.442,31.9913,73.85,86,100,7.56,MZ,1710262545
376,pangody,65.85,74.4859,-11.11,98,32,12.03,RU,1710262600
377,ishigaki,24.3448,124.1572,62.73,72,40,9.22,JP,1710262600
378,la ronge,55.1001,-105.2842,23.25,80,100,4.61,CA,1710262600
379,mao,39.8885,4.2658,57.76,62,20,6.91,ES,1710262374
380,serhetabat,35.2799,62.3438,36.73,100,100,3.04,TM,1710262600
381,fort mcmurray,56.7268,-111.381,22.59,79,0,9.22,CA,1710262600
382,kingscliff,-28.2667,153.5667,71.73,88,75,5.75,AU,1710262601
383,san patricio,28.017,-97.5169,76.95,59,98,12.28,US,1710262601
384,chittaranjan,23.8667,86.8667,78.4,20,0,5.7,IN,1710262601
385,palu,-0.8917,119.8707,77.0,96,99,2.15,ID,1710262601
386,sao francisco,-15.9486,-44.8644,92.8,45,74,3.02,BR,1710262601
387,shingu,33.7333,135.9833,44.71,67,3,12.84,JP,1710262601
388,machico,32.7,-16.7667,66.0,87,75,21.85,PT,1710262601
389,tingo maria,-9.2895,-76.0088,84.51,65,40,3.44,PE,1710262601
390,al 'amarah,31.8406,47.1396,67.01,22,0,9.64,IQ,1710262601
391,quellon,-43.1167,-73.6167,58.69,65,76,9.22,CL,1710262602
392,sakassou,7.4546,-5.2926,96.64,37,85,7.92,CI,1710262602
393,las heras,-46.5419,-68.9359,64.87,21,3,25.14,AR,1710262602
394,isiro,2.7739,27.616,80.76,50,100,1.95,CD,1710262602
395,skowhegan,44.7651,-69.7192,43.38,56,42,14.47,US,1710262602
396,luderitz,-26.6481,15.1594,73.0,57,25,22.32,NA,1710262602
397,kashkhatau,43.3185,43.608,32.56,80,38,2.01,RU,1710262602
398,kingston,17.997,-76.7936,91.17,61,20,6.91,JM,1710262602
399,nouadhibou,20.931,-17.0347,65.12,84,0,16.73,MR,1710262602
400,garachico,28.7781,-17.7646,68.11,56,20,3.44,ES,1710262603
401,la gi,10.6667,107.7833,78.84,79,100,16.62,VN,1710262603
402,launceston,-41.45,147.1667,55.8,82,100,8.05,AU,1710262603
403,inarajan village,13.2736,144.7484,80.74,87,100,14.61,GU,1710262603
404,pizarro,4.9533,-77.366,77.59,91,100,4.21,CO,1710262603
405,xincheng,33.6333,115.1833,47.3,53,100,6.93,CN,1710262603
406,posto fiscal rolim de moura,-13.0833,-62.2667,100.04,39,71,2.04,BR,1710262603
407,vila franca do campo,37.7167,-25.4333,64.89,99,53,12.86,PT,1710262552
408,sao jose da coroa grande,-8.8978,-35.1478,86.41,67,100,9.6,BR,1710262553
409,bouarfa,32.53,-1.95,67.23,23,40,14.32,MA,1710262604
410,road town,18.4167,-64.6167,84.24,61,20,8.05,VG,1710262604
411,mpongwe,-13.5091,28.155,68.52,89,100,2.62,ZM,1710262604
412,remire-montjoly,4.9167,-52.2667,82.44,89,75,11.5,GF,1710262604
413,morondava,-20.2833,44.2833,82.98,76,100,6.98,MG,1710262324
414,crane,31.3974,-102.3501,68.49,45,99,11.74,US,1710262604
415,dwarka,22.2394,68.9678,73.96,73,21,11.48,IN,1710262582
416,mwingi,-0.9344,38.0601,75.79,46,63,4.61,KE,1710262604
417,kegen,43.0197,79.2203,16.2,79,66,5.1,KZ,1710262604
418,pitea,65.3172,21.4794,21.29,97,78,0.4,SE,1710262605
419,katima mulilo,-17.5,24.2667,86.85,25,33,5.3,NA,1710262605
420,al lagowa,11.4,29.1333,94.33,8,68,8.77,SD,1710262605
421,calama,-22.4667,-68.9333,77.49,13,0,17.27,CL,1710262289
422,mil'kovo,55.6078,37.7956,35.11,81,100,2.93,RU,1710262605
423,villa nueva,14.5269,-90.5875,75.22,53,20,16.11,GT,1710262309
424,eirunepe,-6.6603,-69.8736,91.44,59,98,1.3,BR,1710262547
425,ampanihy,-24.7,44.75,86.2,52,100,4.47,MG,1710262605
426,onega,63.9061,38.1404,28.31,91,99,8.68,RU,1710262605
427,koulikoro,14.0,-7.75,104.65,9,84,4.36,ML,1710262605
428,arno,60.1167,18.6333,32.79,89,34,6.8,SE,1710262469
429,agadir,30.4202,-9.5982,68.45,66,80,7.63,MA,1710262352
430,bonthe,7.5264,-12.505,84.94,62,99,12.62,SL,1710262606
431,ola,59.5833,151.2833,5.14,82,97,6.67,RU,1710262606
432,stephenville,32.2207,-98.2023,68.86,70,75,17.27,US,1710262606
433,ponta delgada,37.7333,-25.6667,65.19,82,20,16.11,PT,1710262606
434,sur,22.5667,59.5289,78.03,72,51,8.12,OM,1710262606
435,niafunke,15.9322,-3.9906,101.59,9,91,12.37,ML,1710262606
436,butembo,0.15,29.2833,66.67,69,69,3.29,CD,1710262606
437,abadeh,31.1608,52.6506,44.73,53,0,1.97,IR,1710262606
438,vilassar de mar,41.5096,2.3937,62.82,72,61,1.99,ES,1710262607
439,novodvinsk,64.4165,40.8122,33.78,90,99,8.16,RU,1710262559
440,new norfolk,-42.7826,147.0587,53.1,77,55,0.69,AU,1710262607
441,vratsa,43.21,23.5625,50.22,83,99,2.21,BG,1710262607
442,bamor kalan,24.9,78.15,78.57,22,0,6.98,IN,1710262607
443,slantsy,59.1182,28.0914,30.6,65,79,5.12,RU,1710262607
444,ivrindi,39.5839,27.4864,54.23,83,72,13.82,TR,1710262607
445,tanjungbalai,2.9667,99.8,76.17,85,67,3.74,ID,1710262607
446,el granada,37.5027,-122.4694,58.01,94,100,11.5,US,1710262607
447,kambia,9.1167,-12.9167,94.84,34,99,8.81,SL,1710262607
448,lerdo de tejada,18.6167,-95.5167,80.33,69,43,4.12,MX,1710262608
449,wundanyi,-3.4019,38.364,73.81,46,31,4.92,KE,1710262608
450,as sulayyil,20.4607,45.5779,80.85,26,100,14.14,SA,1710262552
451,pirane,-25.7324,-59.1088,109.02,23,1,10.4,AR,1710262608
452,prado,-17.3411,-39.2208,81.41,85,93,7.16,BR,1710262546
453,santa luzia,-19.7697,-43.8514,87.08,60,75,9.22,BR,1710262441
454,warrenton,-28.114,24.8475,82.89,26,92,14.65,ZA,1710262608
455,sandur,15.1,76.55,91.02,28,96,5.46,IN,1710262608
456,san jorge,-31.8962,-61.8598,103.17,33,0,20.47,AR,1710262608
457,gualeguaychu,-33.0094,-58.5172,95.58,39,10,15.55,AR,1710262608
458,kristiansund,63.1115,7.732,41.65,52,0,3.44,NO,1710262609
459,the pas,53.8251,-101.2541,24.82,80,0,8.05,CA,1710262609
460,la passe,45.5549,-0.8967,59.23,91,100,7.25,FR,1710262609
461,chegdomyn,51.1167,133.0167,-9.04,98,36,2.35,RU,1710262609
462,tshikapa,-6.4167,20.8,79.95,71,98,2.13,CD,1710262609
463,eenhana,-17.4667,16.3333,89.56,21,78,4.97,NA,1710262609
464,piti village,13.4626,144.6933,80.65,87,100,8.05,GU,1710262609
465,juruti,-2.1522,-56.0922,91.9,53,99,4.12,BR,1710262609
466,portsmouth,50.799,-1.0913,58.51,95,100,5.99,GB,1710262405
467,aljezur,37.3191,-8.8033,61.32,65,100,2.64,PT,1710262322
468,bantay,17.5847,120.3892,75.38,75,70,7.83,PH,1710262610
469,ekibastuz,51.6667,75.3667,15.67,83,69,7.72,KZ,1710262610
470,rizokarpaso,35.6,34.375,59.25,67,65,10.85,CY,1710262610
471,santiago,-33.4569,-70.6483,83.71,34,0,4.61,CL,1710262537
472,lorengau,-2.0226,147.2712,81.28,81,100,11.14,PG,1710262545
473,sandnessjoen,66.0217,12.6316,32.41,59,0,5.75,NO,1710262610
474,okha,53.5739,142.9478,-8.48,100,90,5.32,RU,1710262376
475,broken hill,-31.95,141.4333,80.49,26,100,6.58,AU,1710262542
476,aripuana,-9.1667,-60.6333,93.09,51,95,2.98,BR,1710262460
477,kilindoni,-7.9139,39.6668,84.63,69,6,8.16,TZ,1710262610
478,santa barbara,34.7333,-120.0343,56.34,60,20,4.61,US,1710262610
479,celestun,20.8667,-90.4,83.93,61,10,3.04,MX,1710262611
480,port arthur,38.8,121.2667,39.42,74,60,13.31,CN,1710262611
481,saint-junien,45.8833,0.9,52.84,88,100,4.27,FR,1710262611
482,puerto palomas,31.7667,-107.6167,64.67,14,0,13.58,MX,1710262611
483,bonadelle ranchos-madera ranchos,36.9847,-119.8746,59.09,84,100,2.33,US,1710262611
484,okhotsk,59.3833,143.3,-5.4,88,83,8.3,RU,1710262558
485,ulysses,37.5814,-101.3552,64.36,25,0,18.41,US,1710262611
486,dahab,28.501,34.5134,75.79,26,0,4.14,EG,1710262611
487,miles city,46.4083,-105.8406,50.83,39,100,8.14,US,1710262612
488,kalabo,-14.97,22.6814,71.64,78,93,9.46,ZM,1710262612
489,mattoon,39.4831,-88.3728,64.69,51,93,13.02,US,1710262612
490,'ain el melh,34.8415,4.1638,58.42,26,0,4.68,DZ,1710262612
491,menongue,-14.6585,17.691,74.66,60,94,6.02,AO,1710262555
492,brokopondo,4.75,-55.1667,86.99,57,87,6.15,SR,1710262612
493,kalmunai,7.4167,81.8167,78.85,75,66,5.64,LK,1710262545
494,palikir - national government center,6.9248,158.1611,80.96,80,100,22.73,FM,1710262612
495,bengkulu,-3.8004,102.2655,76.14,88,100,5.91,ID,1710262612
496,korla,41.7597,86.1469,49.17,37,81,3.6,CN,1710262613
497,hadibu,12.65,54.0333,80.31,76,23,7.47,YE,1710262613
498,souillac,-20.5167,57.5167,80.98,78,40,10.36,MU,1710262613
499,bar,49.0772,27.6826,35.42,96,100,17.34,UA,1710262613
500,tamanrasset,22.785,5.5228,85.91,14,0,17.27,DZ,1710262613
501,malaya vishera,58.8454,32.2222,28.36,88,100,3.2,RU,1710262522
502,ain sefra,32.75,-0.5833,68.2,21,2,9.33,DZ,1710262613
503,lindsay,36.203,-119.0882,56.77,89,98,3.71,US,1710262613
504,magherafelt,54.7536,-6.6066,52.79,98,100,9.42,GB,1710262452
505,madison,34.7334,-86.5667,66.33,32,0,3.44,US,1710262614
506,magong,23.5654,119.5863,70.95,54,0,23.67,TW,1710262397
507,turpan,42.9333,89.1667,56.53,21,4,3.4,CN,1710262614
508,paita,-5.0892,-81.1144,80.02,64,38,10.07,PE,1710262614
509,great falls,47.5002,-111.3008,50.38,46,73,18.43,US,1710262614
510,astolfo dutra,-21.3153,-42.8622,81.7,79,77,3.8,BR,1710262614
511,youghal,51.95,-7.8506,52.81,100,100,21.43,IE,1710262614
512,zhob,31.3411,69.4481,59.05,44,94,18.81,PK,1710262313
513,kununurra,-15.7667,128.7333,78.78,94,100,3.44,AU,1710262614
514,kolonia town,6.964,158.206,82.0,80,100,22.77,FM,1710262554
515,benjamin constant,-4.3831,-70.0311,78.93,89,75,5.75,BR,1710262615
516,puerto aysen,-45.4,-72.7,51.82,95,97,5.57,CL,1710262549
517,burgos,42.3394,-3.7079,57.61,38,0,2.3,ES,1710262389
518,forster,-32.1667,152.5167,57.38,100,3,5.35,AU,1710262615
519,vorkuta,67.5,64.0,7.27,94,100,24.74,RU,1710262592
520,narsimhapur,22.95,79.2,80.26,26,4,6.71,IN,1710262615
521,hilo,19.7297,-155.09,76.28,91,99,8.01,US,1710262553
522,atescatempa,14.1744,-89.7425,87.42,35,13,8.9,GT,1710262615
523,sukumo,32.9333,132.7333,45.07,77,6,11.34,JP,1710262615
524,altay,47.8667,88.1167,33.4,71,99,6.87,CN,1710262615
525,tobelo,1.7284,128.0095,78.13,82,68,3.74,ID,1710262615
526,heze,35.2431,115.4411,47.79,38,100,7.23,CN,1710262616
527,tupiza,-21.45,-65.7167,76.69,36,61,9.26,BO,1710262616
528,ilabaya,-17.4208,-70.5133,80.01,57,27,10.11,PE,1710262616
529,nantucket,41.2835,-70.0995,51.03,67,2,24.2,US,1710262616
530,cole harbour,44.6724,-63.4751,37.96,82,100,20.71,CA,1710262616
531,nykarleby,63.5228,22.5307,33.94,96,84,4.83,FI,1710262427
532,kathmandu,27.7167,85.3167,61.02,63,20,4.61,NP,1710262471
533,palangkaraya,-2.2,113.8333,73.17,98,100,0.65,ID,1710262616
534,sihanoukville,10.6093,103.5296,82.35,78,20,6.91,KH,1710262616
535,buulobarde,3.8538,45.5674,83.1,64,66,17.9,SO,1710262617
536,tomatlan,19.9333,-105.25,87.22,34,22,5.41,MX,1710262495
537,tahe,52.3333,124.7333,15.69,97,96,1.39,CN,1710262617
538,ceeldheer,3.8488,47.1806,83.23,79,6,17.31,SO,1710262617
539,soeng sang,14.4264,102.4606,79.75,72,83,6.15,TH,1710262617
540,paramonga,-10.6667,-77.8333,77.79,75,95,9.51,PE,1710262617
541,qarazhal,48.0078,70.7903,14.4,94,66,4.88,KZ,1710262617
542,tchintabaraden,15.8969,5.7985,101.98,8,4,11.52,NE,1710262617
543,phan rang-thap cham,11.5667,108.9833,74.73,83,100,6.29,VN,1710262617
544,newnham,-41.3833,147.1333,55.31,82,100,8.05,AU,1710262617
545,westport,41.1415,-73.3579,59.36,38,7,8.99,US,1710262618
546,carnarvon,-24.8667,113.6333,78.82,75,63,18.43,AU,1710262618
547,nchelenge,-9.3451,28.734,74.16,80,69,2.55,ZM,1710262467
548,passagem franca,-6.1797,-43.7836,89.02,63,64,2.68,BR,1710262618
549,loches,47.1333,1.0,58.08,90,100,12.62,FR,1710262618
550,alo,7.4178,6.7371,95.95,44,89,5.21,NG,1710262618
551,sloviansk,48.8667,37.6167,34.72,42,96,6.93,UA,1710262502
552,campo gallo,-26.5833,-62.85,108.81,23,3,18.25,AR,1710262618
553,kenora,49.8167,-94.4337,40.17,70,0,6.91,CA,1710262618
554,vila velha,-20.3297,-40.2925,85.95,69,40,11.5,BR,1710262618
555,vytegra,61.0064,36.4481,28.36,94,100,5.99,RU,1710262619
556,cannonvale,-20.2833,148.7,74.59,84,78,14.45,AU,1710262619
557,plastun,44.7561,136.2939,21.25,62,0,7.11,RU,1710262619
558,saldanha,-33.0117,17.9442,73.45,88,9,19.64,ZA,1710262619
559,duong dong,10.2167,103.9667,82.4,74,20,6.91,VN,1710262619
560,patterson,37.4716,-121.1297,53.06,87,97,3.42,US,1710262619
561,port moresby,-9.4431,147.1797,76.62,88,100,13.38,PG,1710262506
562,ilha de mocambique,-15.0342,40.7358,83.23,80,100,11.12,MZ,1710262619
563,nogliki,51.8333,143.1667,-3.66,100,65,5.01,RU,1710262619
564,bamboo flat,11.7,92.7167,78.89,83,20,0.0,IN,1710262538
565,velikiy novgorod,58.5167,31.2833,35.13,61,100,4.81,RU,1710262434
566,labrador city,52.9463,-66.9114,30.11,64,75,14.97,CA,1710262536
567,papao,-17.75,-149.55,80.28,74,100,10.85,PF,1710262620
568,an nuhud,12.7,28.4333,90.64,9,72,10.38,SD,1710262620
569,usogorsk,63.4106,48.6872,19.67,95,100,6.82,RU,1710262620
570,markovo,57.3206,107.0881,20.3,90,91,11.45,RU,1710262621
571,bubaque,11.2833,-15.8333,80.96,71,100,15.46,GW,1710262485
572,port douglas,-16.4833,145.4667,76.6,82,33,6.4,AU,1710262621
573,cambridge,43.3601,-80.3127,56.23,49,0,4.61,CA,1710262475
574,enriquillo,17.9,-71.2333,85.68,55,42,15.61,DO,1710262537
575,tadine,-21.55,167.8833,78.15,88,99,19.26,NC,1710262621
576,alta sierra,35.7291,-118.5495,43.79,61,94,7.65,US,1710262621
577,mount pearl,47.5166,-52.7813,39.54,89,75,13.8,CA,1710262621
578,osa,57.2829,55.4567,5.31,100,91,1.07,RU,1710262621
